#from ,10.1021/ci980211b,,,
Name,MS-WHIM,,,
AA_3,AA_1,Ist,2nd,3rd
Ala,A,-0.73,0.2,-0.62
Arg,R,-0.22,0.27,1
Asn,N,0.14,0.2,-0.66
Asp,D,0.11,-1,-0.96
Cys,C,-0.66,0.26,-0.27
Gln,Q,0.3,1,-0.3
Glu,E,0.24,-0.39,-0.04
Gly,G,-0.31,-0.28,-0.75
His,H,0.84,0.67,-0.78
Ile,I,-0.91,0.83,-0.25
Leu,L,-0.74,0.72,-0.16
Lys,K,-0.51,0.08,0.6
Met,M,-0.7,1,-0.32
Phe,F,0.76,0.85,-0.34
Pro,P,-0.43,0.73,-0.6
Ser,S,-0.8,0.61,-1
Thr,T,-0.58,0.85,-0.89
Trp,W,1,0.98,-0.47
Tyr,Y,0.97,0.66,-0.16
Val,V,-1,0.79,-0.58